<appaction uniquename="t3__Search!b8d0507bcbcb41a386985f047d60320a!t3_WoodgroveYouthCampOfficeUse!t3_camper!2">
  <appmoduleid>
    <uniquename>t3_WoodgroveYouthCampOfficeUse</uniquename>
  </appmoduleid>
  <buttonlabeltext default="Search">
    <label description="Search" languagecode="1033" />
  </buttonlabeltext>
  <context>1</context>
  <contextentity>
    <logicalname>t3_camper</logicalname>
  </contextentity>
  <contextvalue>t3_camper</contextvalue>
  <fonticon>SearchButton</fonticon>
  <hidden>0</hidden>
  <iscustomizable>1</iscustomizable>
  <isdisabled>0</isdisabled>
  <isgrouptitlehidden>0</isgrouptitlehidden>
  <location>2</location>
  <name>Search!b8d0507bcbcb41a386985f047d60320a</name>
  <onclickeventformulacomponentlibraryid>
    <name>t3_woodgroveyouthcampofficeusedefaultcommandlibrary_f4e5b</name>
  </onclickeventformulacomponentlibraryid>
  <onclickeventformulacomponentname>15497ddc573449d49f8bf2d2fa79494e</onclickeventformulacomponentname>
  <onclickeventformulafunctionname>OnSelect</onclickeventformulafunctionname>
  <onclickeventtype>1</onclickeventtype>
  <origin>0</origin>
  <sequence>100100005.5000000000</sequence>
  <statecode>0</statecode>
  <statuscode>1</statuscode>
  <type>0</type>
  <visibilitytype>0</visibilitytype>
</appaction>