{
  "properties": {
    "connectionReferences": {
      "shared_commondataserviceforapps": {
        "runtimeSource": "embedded",
        "connection": {
          "connectionReferenceLogicalName": "tb_sharedcommondataserviceforapps_0c2da"
        },
        "api": {
          "name": "shared_commondataserviceforapps"
        }
      },
      "shared_office365_1": {
        "runtimeSource": "invoker",
        "connection": {
          "connectionReferenceLogicalName": "t3_sharedoffice365_817e9"
        },
        "api": {
          "name": "shared_office365"
        }
      }
    },
    "definition": {
      "$schema": "https://schema.management.azure.com/providers/Microsoft.Logic/schemas/2016-06-01/workflowdefinition.json#",
      "contentVersion": "1.0.0.0",
      "parameters": {
        "$connections": {
          "defaultValue": {},
          "type": "Object"
        },
        "$authentication": {
          "defaultValue": {},
          "type": "SecureObject"
        }
      },
      "triggers": {
        "manual": {
          "metadata": {
            "operationMetadataId": "7bb5e3c7-b0de-4873-a780-62764db0a7fe"
          },
          "type": "Request",
          "kind": "PowerAppV2",
          "inputs": {
            "schema": {
              "type": "object",
              "properties": {
                "text": {
                  "title": "GUID",
                  "type": "string",
                  "x-ms-dynamically-added": true,
                  "description": "Please enter your input",
                  "x-ms-content-hint": "TEXT"
                }
              },
              "required": [
                "text"
              ]
            }
          }
        }
      },
      "actions": {
        "Get_a_row_by_ID": {
          "runAfter": {},
          "metadata": {
            "operationMetadataId": "12f2e6cd-f869-419b-8687-b44f65e23044"
          },
          "type": "OpenApiConnection",
          "inputs": {
            "host": {
              "connectionName": "shared_commondataserviceforapps",
              "operationId": "GetItem",
              "apiId": "/providers/Microsoft.PowerApps/apis/shared_commondataserviceforapps"
            },
            "parameters": {
              "entityName": "t3_campers",
              "recordId": "@triggerBody()['text']"
            },
            "authentication": "@parameters('$authentication')"
          }
        },
        "Send_an_email_(V2)": {
          "runAfter": {
            "Get_a_row_by_ID": [
              "Succeeded"
            ]
          },
          "metadata": {
            "operationMetadataId": "aed0c0e6-3a32-4508-bf4e-b4cb806e1948"
          },
          "type": "OpenApiConnection",
          "inputs": {
            "host": {
              "connectionName": "shared_office365_1",
              "operationId": "SendEmailV2",
              "apiId": "/providers/Microsoft.PowerApps/apis/shared_office365"
            },
            "parameters": {
              "emailMessage/To": "AditiT1@hexaware.com;lavanths@hexaware.com",
              "emailMessage/Subject": "Camper Details",
              "emailMessage/Body": "<p>Dear Aditi,<br>\n<br>\nGiven below is the Camper's Details<br>\nFirst Name: @{outputs('Get_a_row_by_ID')?['body/t3_firstname']}<br>\nLast Name: @{outputs('Get_a_row_by_ID')?['body/t3_lastname']}<br>\nHeight: @{outputs('Get_a_row_by_ID')?['body/t3_height']}<br>\nWeight: @{outputs('Get_a_row_by_ID')?['body/t3_weight']}<br>\n</p>",
              "emailMessage/Importance": "Normal"
            },
            "authentication": "@parameters('$authentication')"
          }
        }
      }
    },
    "templateName": ""
  },
  "schemaVersion": "1.0.0.0"
}